screen_name,party,svd.phi_1,svd.phi_2,svd.phi_3,wikidata
_OliviaBlake,Labour,-1.1759212282498,-0.726468603643584,-0.151576229193409,http://www.wikidata.org/entity/Q76363044
_RobbieMoore,Conservative,1.38550818138486,-1.39500121587782,0.0887396025734017,http://www.wikidata.org/entity/Q76363206
AaronBell4NUL,Conservative,1.26758168650781,-1.33907550761321,0.0958070996889898,http://www.wikidata.org/entity/Q76736935
ab4scambs,Conservative,1.34201111427178,-1.43698887740416,0.111743263930799,http://www.wikidata.org/entity/Q4772161
abenaopp,Labour,-0.988913197920806,-0.729527744929456,-0.117139821559554,http://www.wikidata.org/entity/Q76364044
ABridgen,Conservative,1.6059359089642,-0.128375208470536,-0.0745318855535999,http://www.wikidata.org/entity/Q265028
ACunninghamMP,Labour,-0.652958708270987,-1.74034127039979,0.00880976453424174,http://www.wikidata.org/entity/Q291649
AdamAfriyie,Conservative,1.38997621683698,-0.952550103413434,0.0363157602376098,http://www.wikidata.org/entity/Q258473
AdamHollowayMP,Conservative,1.45671007266143,0.0459694115720567,-0.116264432188824,http://www.wikidata.org/entity/Q689348
Afzal4Gorton,Labour,-0.806772346637711,-0.717256637817964,-0.070971202353588,http://www.wikidata.org/entity/Q6712373
AJonesMP,Conservative,1.17573710655204,-2.05633051120533,0.198641691011349,http://www.wikidata.org/entity/Q728119
AJRichardsonMP,Conservative,1.50636167567307,-0.486357832638196,-0.00554816950179355,http://www.wikidata.org/entity/Q76363854
AlanBrownSNP,SNP,-0.329657605458915,1.60452449564721,23.1187231344288,http://www.wikidata.org/entity/Q19883288
alancampbellmp,Labour,-0.462001729598621,-1.90631524300979,0.0279768690720211,http://www.wikidata.org/entity/Q268196
AlanMakMP,Conservative,1.31769847632234,-1.73793012683956,0.173778860539681,http://www.wikidata.org/entity/Q19868483
alanwhiteheadmp,Labour,-0.239794873323366,-1.46431607392595,0.0834356189028863,http://www.wikidata.org/entity/Q264585
AlbertoCostaMP,Conservative,0.995874576180762,-1.35601049869703,0.183551565582666,http://www.wikidata.org/entity/Q19957124
AlecShelbrooke,Conservative,1.20420786705212,-2.02403607353386,0.192691867148723,http://www.wikidata.org/entity/Q393751
ALewerMBE,Conservative,1.49260707247761,-1.5072831809482,0.127113623358159,http://www.wikidata.org/entity/Q16980037
Alex_Stafford,Conservative,1.50014109827572,-1.08430745689999,0.0318829990506825,http://www.wikidata.org/entity/Q76449027
alexburghart,Conservative,1.15674589601514,-1.39872541111845,0.0972340965962989,http://www.wikidata.org/entity/Q30234239
AlexChalkChelt,Conservative,1.13275867482686,-1.04145961058255,0.0796933098915805,http://www.wikidata.org/entity/Q19956858
AlexDaviesJones,Labour,-0.660803185809732,-1.34880153154804,-0.0101632016174439,http://www.wikidata.org/entity/Q76364874
AlexNorrisNN,Labour,-0.592185346203783,-1.36672157401893,-0.0339201115113204,http://www.wikidata.org/entity/Q30234243
alexsobel,Labour,-0.956561240296917,-0.723965215701733,-0.07889173439909,http://www.wikidata.org/entity/Q30164792
aliciakearns,Conservative,1.36079409163433,-0.51091708414574,-0.00335895849777535,http://www.wikidata.org/entity/Q76363294
Alison_McGovern,Labour,-0.762357759914144,-0.794909333401579,-0.0270742132061322,http://www.wikidata.org/entity/Q694639
alisonthewliss,SNP,-0.504717379809072,1.41706312018766,14.7510863061682,http://www.wikidata.org/entity/Q19882771
allandoransMP,SNP,-0.216635715114778,0.466425868864896,8.5625699676157,http://www.wikidata.org/entity/Q75818980
AlokSharma_RDG,Conservative,0.850000227143586,0.0238120059918283,0.01884564050903,http://www.wikidata.org/entity/Q478531
AlunCairns,Conservative,0.920428910857875,-1.79090349996571,0.183344794483143,http://www.wikidata.org/entity/Q268030
AlynSmith,SNP,-0.624886233912106,1.39629743293222,9.23311318979817,http://www.wikidata.org/entity/Q450298
amandamilling,Conservative,1.50524011741356,-0.796786016914848,0.0403210011478165,http://www.wikidata.org/entity/Q20648982
amcarmichaelMP,Liberal Democrats,-0.0630075703179221,-0.179182197469111,0.800761309157192,http://www.wikidata.org/entity/Q269124
AmyCallaghanSNP,SNP,-0.656047898129504,1.63542246519771,11.5034870240418,http://www.wikidata.org/entity/Q75818988
andreajenkyns,Conservative,1.6225238470316,0.90116627338402,-0.189697756648616,http://www.wikidata.org/entity/Q19874642
andrealeadsom,Conservative,1.28257461431584,0.926826492789742,-0.134158887246508,http://www.wikidata.org/entity/Q750091
Andrew4Pendle,Conservative,1.27751788154346,-1.84670982348444,0.158651954585515,http://www.wikidata.org/entity/Q341570
AndrewBowie_MP,Conservative,1.51554152804411,0.0525111896519578,0.364313046674573,http://www.wikidata.org/entity/Q30224657
AndrewRosindell,Conservative,1.51933178226233,-0.865338148407794,0.120570640393308,http://www.wikidata.org/entity/Q480092
AndrewSelous,Conservative,1.25558852744489,-1.97244233113988,0.188807877795678,http://www.wikidata.org/entity/Q478714
AndyMcDonaldMP,Labour,-1.07047018270356,-0.669451449031249,-0.124641359957599,http://www.wikidata.org/entity/Q4761018
AngelaCrawley30,SNP,-0.39593657167727,1.66724900547177,24.0213470456974,http://www.wikidata.org/entity/Q19883053
angelaeagle,Labour,-0.793315952612238,-0.390008391767335,-0.0349599777436209,http://www.wikidata.org/entity/Q302763
AngelaRayner,Labour,-0.897847397937892,0.820144088323572,-0.0918759102526165,http://www.wikidata.org/entity/Q18164278
AngusMacNeilSNP,SNP,-0.48979347219471,1.31571894953156,11.3707689123258,http://www.wikidata.org/entity/Q695092
Anna_Firth,Conservative,1.63730757049529,-0.674563059925549,0.00713375904168032,http://www.wikidata.org/entity/Q54670211
AnnaMcMorrin,Labour,-0.719962667004797,-1.16246933099001,0.0439708143809911,http://www.wikidata.org/entity/Q30164279
AnnelieseDodds,Labour,-0.847864446869889,0.0913729449512073,-0.094452271242901,http://www.wikidata.org/entity/Q16529268
AnneMarieMorris,Conservative,1.34522397550466,-1.77923269696133,0.157865893533716,http://www.wikidata.org/entity/Q580321
AnneMcLaughlin,SNP,-0.483211411093998,1.73349922417528,22.1642042019939,http://www.wikidata.org/entity/Q373047
annietrev,Conservative,1.29233892993353,-0.49152898826329,0.0309720541818579,http://www.wikidata.org/entity/Q20648244
AnthonyMangnal1,Conservative,1.4301954204791,-0.948343821227892,0.0481151778701836,http://www.wikidata.org/entity/Q76450714
antony_hig,Conservative,1.49281952244391,-1.82952395645748,0.140071876971713,http://www.wikidata.org/entity/Q76363542
AnumSNP,SNP,-0.77440957560666,1.28225693034101,6.8930665294592,http://www.wikidata.org/entity/Q106828783
ApsanaBegumMP,Labour,-1.34862061950539,0.042140436234891,-0.212139324533231,http://www.wikidata.org/entity/Q76363973
ASollowayUK,Conservative,1.01994873266937,-1.14228395816146,0.0936725268323548,http://www.wikidata.org/entity/Q20648487
AWMurrison,Conservative,1.31019466324021,-1.52965445570832,0.15040922963397,http://www.wikidata.org/entity/Q578234
AylesburyTories,Conservative,1.91125425442454,-1.55041305083664,0.204516464288475,http://www.wikidata.org/entity/Q76736645
Bambos_MP,Labour,-0.670411262672287,-1.12869894006168,-0.0251054195887312,http://www.wikidata.org/entity/Q30165325
BarryGardiner,Labour,-1.04092000983426,0.0480684840755741,-0.105670509479202,http://www.wikidata.org/entity/Q391169
BarrySheerman,Labour,-0.578072555584062,-0.75242608698496,-0.00811533855652234,http://www.wikidata.org/entity/Q477464
baynes_simon,Conservative,1.50609489786005,-1.79756606105234,0.143161586218325,http://www.wikidata.org/entity/Q75427885
BBradley_Mans,Conservative,1.63756719836232,0.428129857090335,-0.139860373465054,http://www.wikidata.org/entity/Q30223599
BellRibeiroAddy,Labour,-1.3446093354858,0.229726284543142,-0.193453339412644,http://www.wikidata.org/entity/Q76364048
Ben_Everitt,Conservative,1.55352366802287,-1.11711360679828,0.0568059882906692,http://www.wikidata.org/entity/Q76364469
BenMLake,Plaid Cymru,-0.265834036893804,-0.853234262231812,1.06627362162341,http://www.wikidata.org/entity/Q30172752
BenPBradshaw,Labour,-0.69467467085694,-0.301197436832202,-0.0142361074836724,http://www.wikidata.org/entity/Q264618
bernardjenkin,Conservative,1.45630879045117,-0.250478846704933,-0.0500382105541667,http://www.wikidata.org/entity/Q727852
BethWinterMP,Labour,-1.31966607012917,-0.717480363161744,-0.181521911128447,http://www.wikidata.org/entity/Q76363918
bhatti_saqib,Conservative,1.39174777373121,-1.25860102581342,0.0652982748222414,http://www.wikidata.org/entity/Q76449003
Bill_Esterson,Labour,-0.8405719814137,-0.830861210568635,-0.0521443615429925,http://www.wikidata.org/entity/Q303465
BillCashMP,Conservative,1.93177953328154,0.733822806832858,-0.195929617684861,http://www.wikidata.org/entity/Q269449
BillWigginMP,Conservative,1.14500793041057,-1.54433757264759,0.176687856642144,http://www.wikidata.org/entity/Q265900
BimAfolami,Conservative,1.20155109250918,-0.345129229610305,-0.0261337661794315,http://www.wikidata.org/entity/Q30174692
BlaenauGwentMP,Labour,-0.499412153934926,-2.25647259499521,0.0750038950013683,http://www.wikidata.org/entity/Q390760
BobBlackman,Conservative,1.11621810418184,-1.44456654585944,0.130112924240901,http://www.wikidata.org/entity/Q263875
BorisJohnson,Conservative,0.718324296256705,1.45626715125735,-0.104024193845505,http://www.wikidata.org/entity/Q180589
bphillipsonMP,Labour,-0.755347214974802,-0.876053826798978,-0.0480133408782503,http://www.wikidata.org/entity/Q575337
BrandonLewis,Conservative,1.20392018237465,-0.0386287990964975,-0.0358844986132994,http://www.wikidata.org/entity/Q749687
Bren4Bassetlaw,Conservative,1.69006035247307,-0.390926163680688,-0.0544922050284425,http://www.wikidata.org/entity/Q63929253
BrendanOHaraMP,SNP,-0.395940695162749,1.74295899007812,21.6576340416011,http://www.wikidata.org/entity/Q19878984
BrineMP,Conservative,0.970214726169135,-1.65912098763238,0.147773100837964,http://www.wikidata.org/entity/Q265088
BWallaceMP,Conservative,1.14770168109673,0.670049048839486,-0.0989865683498513,http://www.wikidata.org/entity/Q263166
cajardineMP,Liberal Democrats,-0.226796572182898,-0.0125041405974377,0.821668760209336,http://www.wikidata.org/entity/Q30164696
carlalockhart,DUP,1.21836217074963,0.865269856452103,-0.0341189481860018,http://www.wikidata.org/entity/Q24052782
Caroline_Ansell,Conservative,1.15636931725768,-1.618712823549,0.185208063702516,http://www.wikidata.org/entity/Q19870758
CarolineLucas,Green,-0.89017975434857,0.799063962005022,0.2892364439364,http://www.wikidata.org/entity/Q9670
carolinenokes,Conservative,0.596482219499234,-0.837621970811232,0.0719536037035761,http://www.wikidata.org/entity/Q577227
carolynharris24,Labour,-0.683742880418641,-1.11919192133088,0.0253180647736571,http://www.wikidata.org/entity/Q19958026
CatherineWest1,Labour,-0.717983828119069,-1.03583342478913,0.0214536134578406,http://www.wikidata.org/entity/Q19871931
CatMcKinnell,Labour,-0.618485134008828,-1.62971485428099,0.00905003005556079,http://www.wikidata.org/entity/Q3411409
CatSmithMP,Labour,-1.08220762681666,-0.747452451651289,-0.0744947864591889,http://www.wikidata.org/entity/Q19930597
CGreenUK,Conservative,1.63424873275275,-0.499274453293577,-0.0379138172514233,http://www.wikidata.org/entity/Q19957945
CharlesWalkerMP,Conservative,1.72850149767504,1.21966857358913,-0.258627992837031,http://www.wikidata.org/entity/Q262539
charlotte2153,Labour,-1.08417056113503,-0.468037893329531,-0.126979849984121,http://www.wikidata.org/entity/Q76364081
chhcalling,Conservative,1.30912564038264,-1.3114487933475,0.0986761195005628,http://www.wikidata.org/entity/Q673322
ChiOnwurah,Labour,-0.744988051596939,-0.86797812547695,-0.0286357972960708,http://www.wikidata.org/entity/Q576208
Chris_EvansMP,Labour,-0.421044874313852,-2.21135614946159,0.0973304051374548,http://www.wikidata.org/entity/Q303577
ChrisClarksonMP,Conservative,1.53679246014885,-1.22178517679344,0.0979763723358471,http://www.wikidata.org/entity/Q76736932
ChrisHazzardSF,Sinn Féin,-0.527184288265462,0.905879318609837,0.484787590719743,http://www.wikidata.org/entity/Q5106839
ChrisLawSNP,SNP,-0.444327475316142,1.77190858703705,20.3457593223271,http://www.wikidata.org/entity/Q19875413
chrisloder,Conservative,1.47212098073416,-1.03489782650552,0.0602024429062471,http://www.wikidata.org/entity/Q76364033
ChrisM4Chester,Labour,-0.628507945071636,-1.51954050366565,0.0001159728267211,http://www.wikidata.org/entity/Q20647738
ChrisPincher,Conservative,1.2473754494895,-1.67319573547356,0.137093971474731,http://www.wikidata.org/entity/Q575266
ChrisStephens,SNP,-0.474492418928946,1.4214715363003,19.0730464668262,http://www.wikidata.org/entity/Q19059345
Christian4BuryS,Labour,0.0102233953241702,-0.628008355129203,-0.0413237585780822,http://www.wikidata.org/entity/Q76363097
cj_dinenage,Conservative,0.917467658114118,-1.28471539445791,0.110765767417983,http://www.wikidata.org/entity/Q300107
ClaireCoutinho,Conservative,1.50212349638989,-0.954884634269836,0.0480697377605741,http://www.wikidata.org/entity/Q76364263
ClaireHanna,SDLP,-0.336385229352302,0.740449469818416,0.269401337072571,http://www.wikidata.org/entity/Q20631177
ClaudiaWebbe,Independent,-1.26946066428946,0.186044220960226,-0.163853946404676,http://www.wikidata.org/entity/Q5129278
CliveEfford,Labour,-0.58379558265952,-1.8462889412323,0.0303191115472091,http://www.wikidata.org/entity/Q302939
cmackinlay,Conservative,1.56233654388099,-1.13870813189086,0.0684292393395036,http://www.wikidata.org/entity/Q5181182
CMonaghanSNP,SNP,-0.439364781793443,1.57914714848584,19.0851939420232,http://www.wikidata.org/entity/Q19875589
columeastwood,SDLP,-0.284321319497511,0.855244703826137,0.469234355256615,http://www.wikidata.org/entity/Q5149523
ConorBurnsUK,Conservative,1.42649514033529,-0.860610443439996,0.0532915031424402,http://www.wikidata.org/entity/Q269925
ConorMcGinn,Labour,-0.605110314489041,-1.29820879849058,0.0196110603012861,http://www.wikidata.org/entity/Q5162256
coyleneil,Labour,-0.640992526945762,-0.895628318285113,-0.0199390406896339,http://www.wikidata.org/entity/Q19957144
CPhilpOfficial,Conservative,1.23461158018905,-0.591919271824454,0.012752010244704,http://www.wikidata.org/entity/Q16972528
CPJElmore,Labour,-0.716995632941379,-1.45915116457932,0.00412903715118103,http://www.wikidata.org/entity/Q24053857
craig4monty,Conservative,1.07688247125509,-2.12439682466783,0.21978225002906,http://www.wikidata.org/entity/Q20647978
craig4nwarks,Conservative,1.51045764572649,-1.74373242779337,0.156102030086334,http://www.wikidata.org/entity/Q20195470
CrispinBlunt,Conservative,0.898976325862399,-0.505162262964752,0.0735800191854586,http://www.wikidata.org/entity/Q264305
CSkidmoreUK,Conservative,0.899267367264571,-1.29823668475991,0.123279166252346,http://www.wikidata.org/entity/Q391526
CWhittaker_MP,Conservative,0.980145440274989,-1.74551231531861,0.164465226547491,http://www.wikidata.org/entity/Q264636
DamianCollins,Conservative,0.351300514623377,-0.76654549680814,0.129880237231621,http://www.wikidata.org/entity/Q290646
DamianGreen,Conservative,0.997597450875167,-0.981999847399338,0.0843608099835274,http://www.wikidata.org/entity/Q391960
DamianHinds,Conservative,0.799971267247323,-1.08769488192596,0.0776900724411727,http://www.wikidata.org/entity/Q676947
DanCardenMP,Labour,-1.21945550792559,-0.118315662308239,-0.176809703244213,http://www.wikidata.org/entity/Q30226321
DanielZeichner,Labour,-0.507997524863264,-1.09661485021395,0.0473103646659448,http://www.wikidata.org/entity/Q20128211
DanJarvisMP,Labour,-0.601867830603529,-0.745694436686943,-0.0317110077408381,http://www.wikidata.org/entity/Q727587
danny__kruger,Conservative,1.0111116436148,-0.625813315276782,-0.0108554655896259,http://www.wikidata.org/entity/Q16515053
DarrenG_Henry,Conservative,1.74605764119918,-0.263001670192402,-0.0645141624520193,http://www.wikidata.org/entity/Q76362949
darrenpjones,Labour,-0.718872641114643,-0.367768782126677,-0.0087155458189583,http://www.wikidata.org/entity/Q30174665
DaveDooganSNP,SNP,-0.379890851260331,1.61532026499033,17.598244622736,http://www.wikidata.org/entity/Q75818967
david_duguid,Conservative,1.54828309701604,-0.67080473374019,0.993576455341023,http://www.wikidata.org/entity/Q30176559
david4wantage,Conservative,0.985950830612037,-1.260545816118,0.0795819304491166,http://www.wikidata.org/entity/Q76736650
DavidDavisMP,Conservative,1.25620934254876,1.36944771630067,-0.176335258850699,http://www.wikidata.org/entity/Q300023
DavidEvennettMP,Conservative,1.23109703737188,-2.12535334906279,0.209788784941312,http://www.wikidata.org/entity/Q303883
DavidJonesMP,Conservative,1.40648085896829,-0.940989675171925,0.0371711638374742,http://www.wikidata.org/entity/Q728167
DavidLammy,Labour,-0.815344835482898,0.821016887419003,-0.00914446309003568,http://www.wikidata.org/entity/Q534727
DavidLinden,SNP,-0.436512994882133,1.39009631597497,15.0351432904631,http://www.wikidata.org/entity/Q30224361
davidmorrisml,Conservative,1.2747595522614,-2.22476526216245,0.208401712614534,http://www.wikidata.org/entity/Q580247
DavidMundellDCT,Conservative,1.02553076604535,-0.535993331927775,1.5087622319378,http://www.wikidata.org/entity/Q333520
DavidRutley,Conservative,1.23757503597087,-2.18215413682861,0.21869740802422,http://www.wikidata.org/entity/Q479064
DavidTCDavies,Conservative,1.50951936169265,-0.389286432387606,0.0407067108570292,http://www.wikidata.org/entity/Q296797
DawnButlerBrent,Labour,-1.12631306921671,0.638282838348301,-0.105910905758478,http://www.wikidata.org/entity/Q5242429
dean4watford,Conservative,1.39021182559044,-1.6714694962095,0.125816038775942,http://www.wikidata.org/entity/Q76450658
Debbie_abrahams,Labour,-0.854972397131179,-1.09330349500533,-0.0216687784048852,http://www.wikidata.org/entity/Q258088
DehennaDavison,Conservative,1.55571655841178,0.74198892204277,-0.168531783163366,http://www.wikidata.org/entity/Q76364853
DeidreBrock,SNP,-0.517749677147306,1.44624784761582,17.378342992768,http://www.wikidata.org/entity/Q19871637
DerekThomasUK,Conservative,1.23701316575071,-1.87891726894637,0.232728351753177,http://www.wikidata.org/entity/Q20177497
DerekTwiggMP,Labour,-0.401081535863555,-2.0585384941885,0.0625934464252113,http://www.wikidata.org/entity/Q272098
DesmondSwayne,Conservative,1.73383339741118,1.07906415511005,-0.232608044002804,http://www.wikidata.org/entity/Q327823
DianaJohnsonMP,Labour,-0.600588430054819,-1.49708939326352,0.0219151261481727,http://www.wikidata.org/entity/Q727933
Dines4Dales,Conservative,1.47169851607179,-1.79831344710491,0.128859115490158,http://www.wikidata.org/entity/Q76364344
DominicRaab,Conservative,1.24721756400293,1.66779423768966,-0.222877875128355,http://www.wikidata.org/entity/Q268584
DougChapmanSNP,SNP,-0.396119697853323,1.74956449686267,21.4081431362345,http://www.wikidata.org/entity/Q19882922
Douglas4Moray,Conservative,1.16510669500645,0.741755390365287,0.83956377895587,http://www.wikidata.org/entity/Q24039769
Dr_PhilippaW,SNP,-0.612656351523827,1.43910473841687,12.3394163516386,http://www.wikidata.org/entity/Q19874405
DrBenSpencer,Conservative,1.56949632664945,-1.0446521665556,0.036904085513604,http://www.wikidata.org/entity/Q76450770
drcarolinej,Conservative,1.47156853059659,-1.51033528048421,0.125314730665884,http://www.wikidata.org/entity/Q27979810
drewhendrySNP,SNP,-0.431555798672945,1.68465796853651,20.365717222243,http://www.wikidata.org/entity/Q5307191
DrLisaCameronMP,SNP,-0.238180740967805,1.26949979787724,21.4345050732608,http://www.wikidata.org/entity/Q19871819
drlukeevans,Conservative,1.43768040986593,-0.953462142113416,0.053431559488262,http://www.wikidata.org/entity/Q76450645
DrNeilHudson,Conservative,1.3257302001328,-1.66702962520463,0.209139653815835,http://www.wikidata.org/entity/Q76364169
DrRosena,Labour,-0.982674564180306,0.549467394985754,-0.0875888436367032,http://www.wikidata.org/entity/Q24668273
DSimmonds_RNP,Conservative,1.048345413588,-1.59780767038104,0.11209328879554,http://www.wikidata.org/entity/Q76363601
duncancbaker,Conservative,1.37923393612298,-1.60764308178023,0.135923040609128,http://www.wikidata.org/entity/Q76363201
Dunne4Ludlow,Conservative,1.18728002868586,-1.77759627287658,0.170968144506218,http://www.wikidata.org/entity/Q302546
eastantrimmp,DUP,1.2210535699464,0.868954764088582,-0.0647261081029237,http://www.wikidata.org/entity/Q262040
Ed_Miliband,Labour,-0.682081564907153,0.612402362513967,-0.00582127094965204,http://www.wikidata.org/entity/Q216594
EddieHughes4WN,Conservative,1.58440812345448,-0.935555595222773,0.0292409438412254,http://www.wikidata.org/entity/Q30234253
EdwardJDavey,Liberal Democrats,-0.397597679955901,0.528158622222942,0.0477161818103463,http://www.wikidata.org/entity/Q296689
EdwardLeighMP,Conservative,1.64214160883546,-0.514190422894194,0.0139788651750118,http://www.wikidata.org/entity/Q749980
edwardtimpson,Conservative,0.759260747050377,-1.34219029412042,0.139483273531346,http://www.wikidata.org/entity/Q272318
eleanor4epping,Conservative,1.41284301469503,-0.577439880136696,0.082708237329951,http://www.wikidata.org/entity/Q750188
elliereeves,Labour,-0.838040021192732,-0.952859690254633,-0.0468700769150652,http://www.wikidata.org/entity/Q30234240
ElliotColburn,Conservative,1.40217185674568,-1.21158780779625,0.0821403103342518,http://www.wikidata.org/entity/Q76363641
EmilyThornberry,Labour,-0.930999262937168,0.601464839896047,-0.0986630544139902,http://www.wikidata.org/entity/Q272408
EmmaHardyMP,Labour,-0.785300695239032,-0.771593090285839,-0.0755676531242544,http://www.wikidata.org/entity/Q30234242
EmmaLewellBuck,Labour,-0.552286746886169,-1.43372733549872,-0.023817551754192,http://www.wikidata.org/entity/Q16190712
EstherMcVey1,Conservative,1.62210991380811,1.18996388721836,-0.21761567295934,http://www.wikidata.org/entity/Q584062
FabianLeedsNE,Labour,-0.727565985672337,-1.06661430256102,-0.0202878363451905,http://www.wikidata.org/entity/Q337812
FelicityBuchan,Conservative,1.49864765347212,-1.254525747893,0.0821268873636605,http://www.wikidata.org/entity/Q76362972
FeryalClark,Labour,-0.691800538621039,-1.07515760397327,-0.054865424084386,http://www.wikidata.org/entity/Q75621766
FloEshalomi,Labour,-0.943840633548555,-0.471763213649644,-0.108944987539697,http://www.wikidata.org/entity/Q24061230
FrancieMolloy,Sinn Féin,-0.321043592233995,0.558877971552023,0.713078038324787,http://www.wikidata.org/entity/Q5479812
gaganmohindra,Conservative,1.59052629378131,-1.53510343538681,0.115312224266312,http://www.wikidata.org/entity/Q76364829
GarethBaconMP,Conservative,1.64495484314603,-1.04964508770789,0.032626724692547,http://www.wikidata.org/entity/Q5522788
GarethDavies_MP,Conservative,1.31711340681085,-1.20195582308247,0.0926029497842097,http://www.wikidata.org/entity/Q76736582
GarethThomasMP,Labour,-0.577264675125585,-1.63699362113877,0.0307689348536638,http://www.wikidata.org/entity/Q272452
GarySambrook89,Conservative,1.43187299985558,-1.5125755840329,0.0980603427018367,http://www.wikidata.org/entity/Q76363034
garystreeterSWD,Conservative,0.961236450432637,-1.25121074137635,0.104838766649598,http://www.wikidata.org/entity/Q328791
GavinWilliamson,Conservative,1.04727413556839,0.289196573355741,-0.0813284344628324,http://www.wikidata.org/entity/Q262409
GavNewlandsSNP,SNP,-0.398959272635382,1.47897395726918,20.5326504156839,http://www.wikidata.org/entity/Q19883145
Geoffrey_Cox,Conservative,1.3457657887331,-0.425946204720087,0.000506373961100006,http://www.wikidata.org/entity/Q291303
GeorgeFreemanMP,Conservative,0.932857771413908,-0.983874880976837,0.0769703607862252,http://www.wikidata.org/entity/Q390983
GeraintDaviesMP,Labour,-0.643447143320679,-1.46680792118837,0.0827013702693285,http://www.wikidata.org/entity/Q296866
GeraldJonesLAB,Labour,-0.58792555269467,-2.25082983952658,0.0804887230957043,http://www.wikidata.org/entity/Q20647531
Gibbo4Darlo,Conservative,1.37049228077729,-1.50837630827485,0.102777831094592,http://www.wikidata.org/entity/Q76450767
gildernewm,Sinn Féin,-0.191166863044732,0.723605042206357,0.391230402296434,http://www.wikidata.org/entity/Q337970
GilesWatling,Conservative,1.30190173151588,-1.76587585460149,0.162546912819204,http://www.wikidata.org/entity/Q5561727
GillFurnissMP,Labour,-0.698497468974198,-1.68233248986311,-0.0131408954452358,http://www.wikidata.org/entity/Q24034408
GillianKeegan,Conservative,0.951193755390364,-0.831080726577593,0.0332421663422362,http://www.wikidata.org/entity/Q30232942
GlindonMary,Labour,-0.293701438183961,-1.51412617109737,0.00470152634441847,http://www.wikidata.org/entity/Q391483
GradySNP,SNP,-0.386596582549963,1.65831901578242,21.4226931310002,http://www.wikidata.org/entity/Q19883135
grahamemorris,Labour,-0.957987522938106,-1.36870077930846,-0.0270984499178667,http://www.wikidata.org/entity/Q580215
grahamstuart,Conservative,1.15884606634585,-1.80923496175309,0.1546826442206,http://www.wikidata.org/entity/Q328641
grantshapps,Conservative,0.782700492382639,0.178835238793419,-0.0231646130454538,http://www.wikidata.org/entity/Q478596
GregClarkMP,Conservative,0.713510250729213,-0.764039585129721,0.0585567428675316,http://www.wikidata.org/entity/Q271800
GregHands,Conservative,1.27537611825679,-0.375597824575164,0.0151552590618756,http://www.wikidata.org/entity/Q478227
GregKnight,Conservative,1.3027787354792,-2.12169038722202,0.207531496102653,http://www.wikidata.org/entity/Q750219
gregsmith_uk,Conservative,1.64606362238322,-1.16623100083986,0.0557350958814148,http://www.wikidata.org/entity/Q76736577
griffitha,Conservative,1.40918575240179,-0.834197160375967,0.0349895370289194,http://www.wikidata.org/entity/Q60040580
GRobinsonDUP,DUP,0.666780136233214,0.573522457155332,0.0450886624226898,http://www.wikidata.org/entity/Q5528262
GuyOpperman,Conservative,1.19850371433303,-1.25882813229195,0.118583685625174,http://www.wikidata.org/entity/Q576195
GwynneMP,Labour,-0.810650682101625,-1.0756680767874,-0.0436737862551425,http://www.wikidata.org/entity/Q392216
HackneyAbbott,Labour,-0.9246597594837,0.708036511846085,-0.00712654491808865,http://www.wikidata.org/entity/Q153454
halfon4harlowMP,Conservative,0.945699243271485,-1.05168932009198,0.0457672337719971,http://www.wikidata.org/entity/Q392375
hammersmithandy,Labour,-0.578138533478784,-1.42584664366189,0.0533326309289902,http://www.wikidata.org/entity/Q391341
HannahB4LiviMP,SNP,-0.489515592731857,1.31038497456423,14.7156710055954,http://www.wikidata.org/entity/Q19882420
HarrietHarman,Labour,-0.67176689950558,0.108375387492614,-0.0193912164504048,http://www.wikidata.org/entity/Q234182
hbaldwin,Conservative,1.08991966555724,-1.56689009101125,0.156758326158434,http://www.wikidata.org/entity/Q260429
HeatherWheeler,Conservative,1.29825431078694,-1.95065252164647,0.181531925326865,http://www.wikidata.org/entity/Q264374
Helen_Whately,Conservative,1.02024373994196,-0.340432312729761,0.00906753650973089,http://www.wikidata.org/entity/Q20747098
HelenGrantMP,Conservative,0.923709536522841,-1.37326410777889,0.13413066390285,http://www.wikidata.org/entity/Q391792
helenhayes_,Labour,-0.678215011279081,-1.03125352779994,-0.0250400248579345,http://www.wikidata.org/entity/Q19874017
HelenMorganMP,Liberal Democrats,-0.684233405164567,0.279279445802021,0.140104920519119,http://www.wikidata.org/entity/Q75839196
HenrySmithUK,Conservative,1.45640497802289,-1.03218144557667,0.0897904620951881,http://www.wikidata.org/entity/Q390849
hilarybennmp,Labour,-0.699272802011173,0.251060794507616,-0.0457522461430516,http://www.wikidata.org/entity/Q262742
HollyLynch5,Labour,-0.743519103957954,-0.975202668521541,-0.041405122430206,http://www.wikidata.org/entity/Q20127909
HuddlestonNigel,Conservative,1.31102435681635,-1.39706857144856,0.11285251382363,http://www.wikidata.org/entity/Q16211496
HuwMerriman,Conservative,1.02632841956821,-0.990859603271575,0.0812852050627221,http://www.wikidata.org/entity/Q20195263
HywelPlaidCymru,Plaid Cymru,-0.307460986677253,-0.982201248607111,1.9353288227451,http://www.wikidata.org/entity/Q266189
iainastewart,Conservative,1.29236118381386,-1.98016625276314,0.253258214356598,http://www.wikidata.org/entity/Q328953
Ianblackford_MP,SNP,-0.760616763081766,1.20094592702463,3.37994904436246,http://www.wikidata.org/entity/Q18921442
IanByrneMP,Labour,-1.40588683650137,-0.0683090763633723,-0.218974815051556,http://www.wikidata.org/entity/Q76365836
IanLaveryMP,Labour,-1.20780526811128,-0.0683270510064382,-0.152014998677429,http://www.wikidata.org/entity/Q750129
IanMearnsMP,Labour,-0.835923178321555,-1.5519353462516,-0.0284356931697909,http://www.wikidata.org/entity/Q583906
IanMurrayMP,Labour,-0.386225935010004,-0.545098579639745,0.702735558809204,http://www.wikidata.org/entity/Q578432
Imran_HussainMP,Labour,-0.939036316841031,-1.22266182481337,-0.08417805744046,http://www.wikidata.org/entity/Q19958134
IoWBobSeely,Conservative,1.12738448584574,-0.571997307227721,0.028709138710099,http://www.wikidata.org/entity/Q30234248
J_Donaldson_MP,DUP,0.835334227510784,0.635966645809264,0.0060777765083312,http://www.wikidata.org/entity/Q300292
JackieDP,Conservative,0.8878162691655,-0.901458155141391,0.137644308829881,http://www.wikidata.org/entity/Q302036
JackLopresti,Conservative,1.35666679078869,-1.96453294814333,0.175926341908899,http://www.wikidata.org/entity/Q695257
Jacob_Rees_Mogg,Conservative,1.22042978429166,1.74225122940003,-0.209535102915287,http://www.wikidata.org/entity/Q574980
JacobYoungMP,Conservative,1.59526032416716,-0.718976260471477,0.0028713575657533,http://www.wikidata.org/entity/Q76450659
JakeBerry,Conservative,1.18381049776826,-1.28962709756677,0.0845548043428738,http://www.wikidata.org/entity/Q263350
JamesCleverly,Conservative,1.38151097024193,0.98603692064787,-0.176642296822304,http://www.wikidata.org/entity/Q6131460
JamesDalyMP,Conservative,1.2498531789859,-1.54799192538559,0.0961571144172612,http://www.wikidata.org/entity/Q76450646
JamesDavies,Conservative,1.19475138465616,-2.02757783869802,0.208445001563042,http://www.wikidata.org/entity/Q19957303
JamesDuddridge,Conservative,1.30565911051683,-1.18432778441108,0.100026394846122,http://www.wikidata.org/entity/Q302309
JamesMorris,Conservative,1.33125962650226,-2.1877823744821,0.201278770278688,http://www.wikidata.org/entity/Q580086
jamesmurray_ldn,Labour,-0.57628133968875,-1.1584822670175,-0.0459808369855983,http://www.wikidata.org/entity/Q75292880
jamesowild,Conservative,1.28062788977392,-1.61405674238482,0.147936845029095,http://www.wikidata.org/entity/Q76450761
JamesSunderl,Conservative,1.5261307092007,-1.54377891762253,0.116898960576673,http://www.wikidata.org/entity/Q76449014
Jamie4North,Liberal Democrats,-0.31933380235968,-0.0405340339354922,0.529449441867859,http://www.wikidata.org/entity/Q1681420
JamieWallisMP,Conservative,0.764544661889703,-0.8006688103111,0.0693762555908568,http://www.wikidata.org/entity/Q76363017
Jane_Stevenson_,Conservative,1.66955007819066,-1.58861866406724,0.105492104745116,http://www.wikidata.org/entity/Q76736659
JaneMHunt,Conservative,1.33238094732915,-1.68223366476776,0.135895597364845,http://www.wikidata.org/entity/Q76450642
JanetDaby,Labour,-0.793675337041575,-1.1073546527183,-0.0575240268015136,http://www.wikidata.org/entity/Q55003337
JasonMcCartney,Conservative,0.946144643782594,-2.00206346127597,0.192874543702916,http://www.wikidata.org/entity/Q694825
jcartlidgemp,Conservative,1.31606903872917,-1.82253694334537,0.174373262217381,http://www.wikidata.org/entity/Q19956787
JDjanogly,Conservative,1.13728137364151,-1.82360384724893,0.177006346250238,http://www.wikidata.org/entity/Q300142
JeffSmithetc,Labour,-0.662698858891448,-1.40175967062688,0.00119131377024427,http://www.wikidata.org/entity/Q20648365
Jeremy_Hunt,Conservative,0.621682195122772,0.723244482311967,-0.0749631912149669,http://www.wikidata.org/entity/Q333533
jeremycorbyn,Independent,-0.656259539164098,0.974607239303762,0.0672651752649939,http://www.wikidata.org/entity/Q291169
JeromeMayhew,Conservative,1.39230327443963,-1.87445064802307,0.162032506283482,http://www.wikidata.org/entity/Q76237363
Jesse_Norman,Conservative,0.712688594765863,-0.8199098530352,0.0571039102445681,http://www.wikidata.org/entity/Q577024
jessicamordenmp,Labour,-0.575013472804575,-2.04102155319382,0.0589252788682522,http://www.wikidata.org/entity/Q580431
jessphillips,Labour,-0.691121833869529,0.844709347102612,-0.0489574386116772,http://www.wikidata.org/entity/Q19979409
JGray,Conservative,1.36243806713244,-1.96312985237172,0.188829062519857,http://www.wikidata.org/entity/Q391839
JHowellUK,Conservative,1.25255074634932,-2.04032945861538,0.206306175924447,http://www.wikidata.org/entity/Q689627
JimfromOldham,Labour,-0.776551498677694,-1.10855871640615,-0.0563056564072592,http://www.wikidata.org/entity/Q17306267
JimShannonMP,DUP,0.642836526030067,-0.510628709504825,0.22980722329335,http://www.wikidata.org/entity/Q478702
JNHanvey,Alba,-0.317287422928437,1.44531750487476,12.5837403276416,http://www.wikidata.org/entity/Q75818970
joannaccherry,SNP,-0.581514624293451,1.03252692678184,4.93022230659043,http://www.wikidata.org/entity/Q19882967
Jochurchill_MP,Conservative,1.11786411782227,-1.61542360877781,0.160018597168644,http://www.wikidata.org/entity/Q19872133
jogideon,Conservative,1.4972194199413,-1.56940249077091,0.0993242967967129,http://www.wikidata.org/entity/Q76450664
John2Win,Conservative,1.34143344976556,-0.309070870879373,1.37078951616734,http://www.wikidata.org/entity/Q1700778
John4Carlisle,Conservative,1.25266139170894,-2.07635332863606,0.211368935486123,http://www.wikidata.org/entity/Q341538
JohnCryerMP,Labour,-0.566903065641326,-1.46494860588238,0.0455525249318765,http://www.wikidata.org/entity/Q291615
johnfinucane,Sinn Féin,-0.513599022238619,1.13502026218576,0.615201859416378,http://www.wikidata.org/entity/Q55615175
JohnGlenUK,Conservative,1.17179830905923,-1.7978257188296,0.176691071343472,http://www.wikidata.org/entity/Q391465
JohnHealey_MP,Labour,-0.699423426841172,-1.2934316434492,-0.0431106249419959,http://www.wikidata.org/entity/Q615077
johnmcdonnellMP,Labour,-0.989791259263497,0.619473654113745,-0.0826671107846496,http://www.wikidata.org/entity/Q694695
JohnMcNallySNP,SNP,-0.279921039286639,1.5886392215849,24.3317038815787,http://www.wikidata.org/entity/Q19882661
JohnnyMercerUK,Conservative,1.13689267078657,0.799268783771898,-0.137860402998667,http://www.wikidata.org/entity/Q20127929
JohnPenroseNews,Conservative,0.966321122282822,-1.11797978535726,0.150055050381957,http://www.wikidata.org/entity/Q575513
johnredwood,Conservative,1.57985783394279,1.30269017696882,-0.239447613018093,http://www.wikidata.org/entity/Q333846
jon_trickett,Labour,-1.19402788074625,0.208547764580404,-0.133381821423058,http://www.wikidata.org/entity/Q272234
JonAshworth,Labour,-0.832738712643669,-0.125699622692354,-0.0979894567761948,http://www.wikidata.org/entity/Q259895
JonathanLord,Conservative,1.2576464892209,-1.8474223860988,0.210815674337905,http://www.wikidata.org/entity/Q695241
JonCruddas_1,Labour,-0.618355536569816,-1.27045426955329,0.00216405868034997,http://www.wikidata.org/entity/Q291591
JonesyFay,Conservative,1.27793419014917,-1.40306450169878,0.120738082042758,http://www.wikidata.org/entity/Q63929463
JoStevensLabour,Labour,-0.787031615770736,-1.08365818775046,-0.00316208747661672,http://www.wikidata.org/entity/Q20128115
joymorrissey,Conservative,1.6541758030831,-0.184311492789003,-0.0559341306810563,http://www.wikidata.org/entity/Q63929106
jreynoldsMP,Labour,-0.721681591892418,-1.02349023369464,-0.0364316404122077,http://www.wikidata.org/entity/Q501926
JSHeappey,Conservative,1.29066289682457,-0.855763468966249,0.0678358897854669,http://www.wikidata.org/entity/Q19958052
JudithCummins,Labour,-0.663379288081266,-1.73389795755733,-0.00161723359682709,http://www.wikidata.org/entity/Q19957188
JuliaLopezMP,Conservative,1.47763146512614,-1.24104022074396,0.08752616547861,http://www.wikidata.org/entity/Q30174734
julianknight15,Conservative,1.24692997299529,-1.44522440937285,0.118249666985385,http://www.wikidata.org/entity/Q20647567
JulianSmithUK,Conservative,0.739890730344003,-0.425245382655406,0.0253755442504206,http://www.wikidata.org/entity/Q390794
JulianSturdy,Conservative,0.648236814798343,-0.803606507545857,0.0353768530560778,http://www.wikidata.org/entity/Q328608
JulieElliottMP,Labour,-0.625175389402293,-1.78480630281923,0.0204211690576068,http://www.wikidata.org/entity/Q303011
JulieMarsonMP,Conservative,1.41063523257123,-1.71004581460143,0.139063771089078,http://www.wikidata.org/entity/Q76362964
justinmadders,Labour,-0.863786739183239,-0.751627419568598,-0.0510042227341574,http://www.wikidata.org/entity/Q20647673
JustinTomlinson,Conservative,1.17974723249753,-1.914821730832,0.187086970540529,http://www.wikidata.org/entity/Q272288
JWhittingdale,Conservative,1.00205319270622,-0.997691578119661,0.105892262007101,http://www.wikidata.org/entity/Q264684
K_Fletcher_MP,Conservative,1.49533065004923,-1.71549584961142,0.135037378314018,http://www.wikidata.org/entity/Q76362908
KarenPBuckMP,Labour,-0.590861603464134,-1.37377020751854,0.00887893697228915,http://www.wikidata.org/entity/Q266238
karinsmyth,Labour,-0.600135053908777,-1.23905757021054,0.0211237476741458,http://www.wikidata.org/entity/Q17057181
karlmccartney,Conservative,1.32301567407707,-1.64934310648498,0.136946705423301,http://www.wikidata.org/entity/Q694811
KarlTurnerMP,Labour,-0.79954709058898,-0.812560180492792,-0.0403938977900439,http://www.wikidata.org/entity/Q272123
Kate_HollernMP,Labour,-0.565361534034263,-1.90955461782818,0.0342617728746242,http://www.wikidata.org/entity/Q19874280
KateGreenSU,Labour,-0.74904342342892,-1.00467453821999,-0.0310308178432698,http://www.wikidata.org/entity/Q391986
KateOsamor,Labour,-1.15744953475562,-0.554495892505798,-0.116363726085761,http://www.wikidata.org/entity/Q20022488
KateOsborneMP,Labour,-1.35341458939901,-0.298938802033266,-0.197870047176309,http://www.wikidata.org/entity/Q76450728
KeeleyMP,Labour,-0.705321548506479,-1.51832416797125,0.00874561237734259,http://www.wikidata.org/entity/Q750293
Keir_Starmer,Labour,-0.571313124401138,1.00422385252361,-0.0632263876928199,http://www.wikidata.org/entity/Q6383803
KellyTolhurst,Conservative,1.32071348085451,-1.32452453246951,0.106686141620607,http://www.wikidata.org/entity/Q20055581
KemiBadenoch,Conservative,1.41886960514527,0.990629015574583,-0.186442548173885,http://www.wikidata.org/entity/Q21592171
KennyMacAskill,Alba,-0.363603809121949,1.73478841662907,16.0376265247624,http://www.wikidata.org/entity/Q983174
KerryMP,Labour,-0.558137994436922,-1.20189342996723,0.0406438397356409,http://www.wikidata.org/entity/Q581095
KevanJonesMP,Labour,-0.663797040920592,-1.73956397104825,0.00568139534051814,http://www.wikidata.org/entity/Q750411
kevin_j_foster,Conservative,1.17113331426352,-1.65349524191131,0.199506107311664,http://www.wikidata.org/entity/Q19873325
KevinBrennanMP,Labour,-0.604244309308301,-1.34297446399208,0.0330698930373724,http://www.wikidata.org/entity/Q264964
kevinhollinrake,Conservative,0.953520280101775,-1.19369489855888,0.0947737816624697,http://www.wikidata.org/entity/Q19958100
khalid4PB,Labour,-0.253282075214436,-1.57428102714612,0.0434404143071172,http://www.wikidata.org/entity/Q695028
KieranMullanUK,Conservative,1.39299581532233,-1.60704098064786,0.126462015789071,http://www.wikidata.org/entity/Q76364848
KimJohnsonMP,Labour,-1.26226850487986,-0.0434766846236763,-0.265630574876971,http://www.wikidata.org/entity/Q76449002
kimleadbeater,Labour,-0.880385304836581,0.107006730239096,-0.0813138838245595,http://www.wikidata.org/entity/Q107009776
kirstenoswald,SNP,-0.465080220661079,1.80592938305703,22.0968286792907,http://www.wikidata.org/entity/Q19874839
KirstySNP,SNP,-0.531393388687078,1.43225384869823,13.4946055620226,http://www.wikidata.org/entity/Q19868554
kitmalthouse,Conservative,1.17923717000588,-0.652385251730678,0.00792958667519538,http://www.wikidata.org/entity/Q6417459
KwasiKwarteng,Conservative,1.20143613740999,0.275921647912773,-0.0773116925762441,http://www.wikidata.org/entity/Q750204
labourlewis,Labour,-1.15191143347485,0.190777064483286,-0.105702075529498,http://www.wikidata.org/entity/Q20127903
LabourSJ,Labour,-0.783226871912935,-0.866765706555768,-0.0760491361507954,http://www.wikidata.org/entity/Q30179052
Laura__Farris,Conservative,1.10657601474012,-1.12737646065717,0.0685428238203786,http://www.wikidata.org/entity/Q76363401
LaylaMoran,Liberal Democrats,-0.593713333277752,0.420872089411023,0.0678353202446449,http://www.wikidata.org/entity/Q30223601
Lee4NED,Conservative,1.66538821496678,-0.663485361858117,-0.0111636342693501,http://www.wikidata.org/entity/Q30165327
leicesterliz,Labour,-0.589212406945261,-0.340171891726317,-0.021932149015811,http://www.wikidata.org/entity/Q750260
LeoDochertyUK,Conservative,1.54449937709404,-1.25331287879626,0.109137668538314,http://www.wikidata.org/entity/Q30234245
lia_nici,Conservative,1.54215535786441,-1.3859640222134,0.105964771523659,http://www.wikidata.org/entity/Q76363431
liambyrnemp,Labour,-0.570968971799259,-1.1484675848411,0.00746933695935557,http://www.wikidata.org/entity/Q269697
LiamFox,Conservative,1.2758933767495,0.792950712874304,-0.109400425322657,http://www.wikidata.org/entity/Q332374
libdemdaisy,Liberal Democrats,-0.452457132857966,0.107058600879409,0.181861003806028,http://www.wikidata.org/entity/Q75838761
LilianGreenwood,Labour,-0.599413647285744,-1.43440520584874,0.00930763541370217,http://www.wikidata.org/entity/Q392064
LindsayHoyle_MP,Speaker,0.151922642273076,-0.0114065241385238,0.000207449781669211,http://www.wikidata.org/entity/Q689660
lisanandy,Labour,-0.767876941894933,0.456380969080375,-0.0982508627526662,http://www.wikidata.org/entity/Q578037
LizTwistMP,Labour,-0.425754737142512,-1.78739404335835,0.0285628799199317,http://www.wikidata.org/entity/Q30165748
lloyd_rm,Labour,-1.08393704439133,-0.211189057166292,-0.111371371388597,http://www.wikidata.org/entity/Q30165113
LouHaigh,Labour,-0.871981088448477,-0.442079625451196,-0.0841068299543607,http://www.wikidata.org/entity/Q19957992
louie_french,Conservative,1.72720593466948,-0.762178591794504,0.0139766699221705,http://www.wikidata.org/entity/Q76363567
lrobertsonTewks,Conservative,1.31809415113464,-1.82353579263778,0.203090176078491,http://www.wikidata.org/entity/Q480148
LSRPlaid,Plaid Cymru,-0.564520713261878,-0.0846221060683384,2.24902651250781,http://www.wikidata.org/entity/Q19868633
lucyallan,Conservative,1.50082927515097,-0.0748648842379751,-0.0720583926648415,http://www.wikidata.org/entity/Q16150309
lucyfrazermp,Conservative,0.903799017953641,-0.942739635744233,0.0978174201917382,http://www.wikidata.org/entity/Q19957811
LucyMPowell,Labour,-0.71298003485044,-0.7094526011479,-0.0559791143519006,http://www.wikidata.org/entity/Q6698469
LukeHall,Conservative,1.22386797907837,-1.69416431510836,0.144317020961632,http://www.wikidata.org/entity/Q19957996
LukePollard,Labour,-0.733956825464281,-0.562846711456698,-0.053870730212586,http://www.wikidata.org/entity/Q30164902
lynbrownmp,Labour,-0.72301629520711,-1.43632880047779,0.00131857953859788,http://www.wikidata.org/entity/Q265870
maggie_erewash,Conservative,1.02805593101622,-1.38137495466688,0.0928372605977349,http://www.wikidata.org/entity/Q20647819
marcolonghi4dn,Conservative,1.71413883191579,-1.5586653378369,0.0944889063994417,http://www.wikidata.org/entity/Q76363678
Marcus4Nuneaton,Conservative,1.33396395384386,-2.00623739662499,0.187302045518123,http://www.wikidata.org/entity/Q750398
MarcusFysh,Conservative,1.73629004811944,-0.0352178911157337,-0.0959834872861138,http://www.wikidata.org/entity/Q19873418
MargaretFerrier,Independent,-0.319504761276404,2.23013365597102,33.3862681489327,http://www.wikidata.org/entity/Q19883129
margarethodge,Labour,-0.475483547667586,-0.425891523139736,-0.0316876519172682,http://www.wikidata.org/entity/Q688913
mariacaulfield,Conservative,1.41892652508855,-0.669147467802005,0.0247271750587616,http://www.wikidata.org/entity/Q19956815
MariaMillerUK,Conservative,0.659186551235862,-1.09868189154506,0.109532898976349,http://www.wikidata.org/entity/Q334261
MarieRimmer,Labour,-0.654709286740186,-1.81255862815467,0.0144482691501539,http://www.wikidata.org/entity/Q20648527
marionfellows,SNP,-0.368317247526652,1.63466646666384,23.0294781881071,http://www.wikidata.org/entity/Q19881816
Mark_J_Harper,Conservative,1.37458562152945,0.204945154343199,-0.107594103880469,http://www.wikidata.org/entity/Q478276
Mark_Logan_MP,Conservative,0.985345410896894,-0.958976046042918,0.0196502428309364,http://www.wikidata.org/entity/Q76448969
Mark_Spencer,Conservative,1.32062607138834,-1.49874354733309,0.12888564010082,http://www.wikidata.org/entity/Q389189
mark4dewsbury,Conservative,1.5173427262848,-1.69267284812628,0.115301692912805,http://www.wikidata.org/entity/Q76362999
Mark4WyreForest,Conservative,1.31951850141152,-2.08043768015961,0.19752163525744,http://www.wikidata.org/entity/Q391222
markjenkinsonmp,Conservative,1.66818379988758,-0.275370059961896,-0.0373246954110126,http://www.wikidata.org/entity/Q76450655
MarkPawsey,Conservative,1.22673960642519,-2.13142796540775,0.212482509975086,http://www.wikidata.org/entity/Q575693
MarkTamiMP,Labour,-0.526637102065776,-2.10540135385723,0.0568619081687424,http://www.wikidata.org/entity/Q272569
MarshadeCordova,Labour,-1.07696622487745,-0.331161781212496,-0.134230903288681,http://www.wikidata.org/entity/Q30163501
MartinJDocherty,SNP,-0.410545984697327,1.56567867954454,21.3596278281495,http://www.wikidata.org/entity/Q19883117
MartinVickers,Conservative,1.3458905515244,-2.13301661164305,0.2094075971113,http://www.wikidata.org/entity/Q266905
MartynDaySNP,SNP,-0.310649998983888,1.61713423458358,23.5486731267859,http://www.wikidata.org/entity/Q19883087
marykfoy,Labour,-1.25898172930608,-0.625717820131015,-0.179372219804711,http://www.wikidata.org/entity/Q76363590
MaryRobinson01,Conservative,1.20823507546314,-1.9597060234874,0.186013733287703,http://www.wikidata.org/entity/Q20648564
Matt_VickersMP,Conservative,1.71175449850934,-0.231761177721584,-0.0613133136160715,http://www.wikidata.org/entity/Q76362976
MattHancock,Conservative,0.83744490584414,1.18371786759761,-0.138941203667202,http://www.wikidata.org/entity/Q478161
MattRodda,Labour,-0.621178409500569,-1.23262068540843,-0.0400767449357912,http://www.wikidata.org/entity/Q30164903
mattwarman,Conservative,0.982619564367194,-1.08441511689749,0.124245360711933,http://www.wikidata.org/entity/Q20648556
MattWestern_,Labour,-0.679537429730862,-0.920252148607512,-0.0408469032161995,http://www.wikidata.org/entity/Q30164376
meaglemp,Labour,-0.725547594171933,-0.976942330445212,-0.0197085932690058,http://www.wikidata.org/entity/Q302815
Meg_HillierMP,Labour,-0.515062887111777,-1.27595526636958,0.0206081926969253,http://www.wikidata.org/entity/Q676658
MelJStride,Conservative,1.0551562918691,-1.16304825455123,0.104646397439322,http://www.wikidata.org/entity/Q328769
Metcalfe_SBET,Conservative,1.27516542860827,-1.79470452390368,0.183179313544829,http://www.wikidata.org/entity/Q272643
MGreenwoodWW,Labour,-1.04298905992669,-1.16013275120724,-0.098222673371543,http://www.wikidata.org/entity/Q19957949
MhairiBlack,SNP,-0.949855969374875,1.07760737683075,3.38368424498652,http://www.wikidata.org/entity/Q19863151
Michael_Ellis1,Conservative,1.23914597407116,-1.87576531628422,0.175689358008087,http://www.wikidata.org/entity/Q303085
Michael4MDNP,Conservative,1.44813821352077,-1.65878250199381,0.147657980478618,http://www.wikidata.org/entity/Q20647896
michaelgove,Conservative,1.0952881679044,1.42567253106199,-0.159434757740595,http://www.wikidata.org/entity/Q333937
michelledonelan,Conservative,1.059100071967,-0.930516790050566,0.0548939334203969,http://www.wikidata.org/entity/Q19872694
MickeyBradySF,Sinn Féin,-0.191493510463892,0.416841626008855,0.602308998847682,http://www.wikidata.org/entity/Q6838584
MickWhitleyMP,Labour,-1.36233394586224,-0.691959358436715,-0.219988627915575,http://www.wikidata.org/entity/Q76363909
Mike_Fabricant,Conservative,1.44065394708531,0.560125204750003,-0.126450980601657,http://www.wikidata.org/entity/Q304027
MikeAmesburyMP,Labour,-0.777600883438645,-1.40450119604641,-0.0703890796082031,http://www.wikidata.org/entity/Q30223596
MikeFreer_,Conservative,1.04095865337403,-0.764710051107691,0.0943506029490194,http://www.wikidata.org/entity/Q391008
mikejwood,Conservative,1.44137658687179,-2.04999914086513,0.189119595358666,http://www.wikidata.org/entity/Q20648325
MikeKaneMP,Labour,-0.535656069268732,-1.72545369677015,0.0176410057943591,http://www.wikidata.org/entity/Q16190632
mimsdavies,Conservative,1.1791923792259,-1.35226278418349,0.112826966395992,http://www.wikidata.org/entity/Q19957306
morton_wendy,Conservative,1.3569227043875,-1.37557446319967,0.122972177649189,http://www.wikidata.org/entity/Q19917814
MpHendrick,Labour,-0.423017554376799,-1.87679230309238,0.0617925573650977,http://www.wikidata.org/entity/Q673628
MPIainDS,Conservative,1.73261202728212,1.31864428593233,-0.249042437795042,http://www.wikidata.org/entity/Q302486
MPritchardUK,Conservative,1.30662513205071,-1.80733197229853,0.169996430699398,http://www.wikidata.org/entity/Q575183
MrAndy_Carter,Conservative,1.39496612742814,-1.61792475742109,0.100007249055337,http://www.wikidata.org/entity/Q76448984
MrJohnNicolson,SNP,-0.70161532896236,1.05285748392547,7.5340038097883,http://www.wikidata.org/entity/Q14948811
mtpennycook,Labour,-0.599498647104185,-1.11261348530177,-0.00395367420520188,http://www.wikidata.org/entity/Q20203414
munirawilson,Liberal Democrats,-0.431166062171659,-0.0455069261536546,0.23843011445359,http://www.wikidata.org/entity/Q75838676
nadams,Conservative,1.36780658215985,-0.781305412837593,0.0388313475006363,http://www.wikidata.org/entity/Q258292
nadhimzahawi,Conservative,0.995303393793746,0.39863319687949,-0.0954490803111805,http://www.wikidata.org/entity/Q259361
NadiaWhittomeMP,Labour,-1.26780017125816,0.39802963923161,-0.171737750741493,http://www.wikidata.org/entity/Q76363111
NadineDorries,Conservative,1.12268016651814,1.19341272808611,-0.175332408706629,http://www.wikidata.org/entity/Q258586
NatalieElphicke,Conservative,1.2916301569835,-0.300818008822852,0.033350296005611,http://www.wikidata.org/entity/Q42846975
NavPMishra,Labour,-1.18998453687185,-0.853704526583703,-0.165189464293026,http://www.wikidata.org/entity/Q75720091
NazShahBfd,Labour,-0.702841510985972,-0.600115180298799,-0.0579503656578926,http://www.wikidata.org/entity/Q19882845
NeilDotObrien,Conservative,0.390783763592708,-0.241254498760979,-0.0189283223151835,http://www.wikidata.org/entity/Q6989101
neill_bob,Conservative,0.723335037748711,-1.09932162275688,0.0821614355665802,http://www.wikidata.org/entity/Q577771
NiaGriffithMP,Labour,-0.632522531361359,-1.76585461804136,0.0386363580785178,http://www.wikidata.org/entity/Q392101
NickFletcherMP,Conservative,1.36458919388663,-1.50205857313223,0.094714401025456,http://www.wikidata.org/entity/Q76736648
NickGibbUK,Conservative,0.624507922801741,-0.841471322339521,0.0554986586643038,http://www.wikidata.org/entity/Q391300
NickTorfaen,Labour,-0.728209169811923,-0.736263081720776,-0.0582976371537119,http://www.wikidata.org/entity/Q20648913
Nicola4WBE,Conservative,1.63583975312838,-1.02485568826708,0.0399765616964572,http://www.wikidata.org/entity/Q76363721
nigelmills,Conservative,1.30157162703297,-2.04937597618768,0.205962541402609,http://www.wikidata.org/entity/Q580847
nigelmp,Conservative,1.7548230486453,0.0342876311119785,-0.103294700313525,http://www.wikidata.org/entity/Q303814
NorwichChloe,Conservative,1.05049078473508,-1.39365228460953,0.135548094125364,http://www.wikidata.org/entity/Q333680
Nus_Ghani,Conservative,0.924268672180528,-0.579292305367277,0.0251516756684995,http://www.wikidata.org/entity/Q19957887
Offord4Hendon,Conservative,1.20641420600541,-2.01967169946867,0.202466158151701,http://www.wikidata.org/entity/Q576537
OliverDowden,Conservative,1.09732292003155,0.32374251171593,-0.0835948171768989,http://www.wikidata.org/entity/Q19957590
OliverHealdUK,Conservative,1.10337517813666,-1.58832813950135,0.157851839393704,http://www.wikidata.org/entity/Q478711
OrfhlaithBegley,Sinn Féin,-0.386833943992953,1.00442040008893,0.704928491915659,http://www.wikidata.org/entity/Q52587398
OwenThompson,SNP,-0.398397697258408,1.4247935845071,20.6268873292202,http://www.wikidata.org/entity/Q19883152
patmcfaddenmp,Labour,-0.584776677142157,-1.38318596876976,0.0126792244263154,http://www.wikidata.org/entity/Q694676
PaulaBarkerMP,Labour,-1.30022137400597,-0.611073569305782,-0.199251076400307,http://www.wikidata.org/entity/Q76363951
PaulBlomfieldMP,Labour,-0.649641691249393,-1.47909592786098,-0.000523830473748926,http://www.wikidata.org/entity/Q264132
paulbristow79,Conservative,1.57867318669765,-1.03043687973902,0.0376571330817001,http://www.wikidata.org/entity/Q76364834
PauletteHamilto,Labour,-0.781337774579904,-0.86183634616027,-0.100412418014769,http://www.wikidata.org/entity/Q110863310
PaulGirvanMP,DUP,0.791248708892261,0.409266460369792,0.0506786488517813,http://www.wikidata.org/entity/Q7150909
PaulHowellMP,Conservative,1.44499655479082,-1.65190379744041,0.0951759985094575,http://www.wikidata.org/entity/Q76729375
Pauline_Latham,Conservative,1.2895715683211,-1.95680246312591,0.199021605596931,http://www.wikidata.org/entity/Q750135
pauljholmes,Conservative,1.47298191940976,-1.42318216350063,0.101573290092068,http://www.wikidata.org/entity/Q76450648
PaulMaskeyMP,Sinn Féin,-0.196240947861244,0.755673960783765,0.567393357123193,http://www.wikidata.org/entity/Q694929
PaulMaynardUK,Conservative,1.03530530909221,-1.85658503048024,0.187105026485169,http://www.wikidata.org/entity/Q694881
PBottomleyMP,Conservative,0.776860146843587,-1.46957740813032,0.172061932155355,http://www.wikidata.org/entity/Q264477
PennyMordaunt,Conservative,1.23469075751186,0.866197023061787,-0.116954020811105,http://www.wikidata.org/entity/Q580464
peter_aldous,Conservative,1.03596157776708,-1.77299424949591,0.169464149388438,http://www.wikidata.org/entity/Q258963
Peter_Dowd,Labour,-0.901774395966719,-1.33803068962464,-0.0647812153941057,http://www.wikidata.org/entity/Q19957586
PeterBoneUK,Conservative,1.68885632354619,0.360958452658161,-0.138924601147305,http://www.wikidata.org/entity/Q264426
PeterGrantMP,SNP,-0.484532203537773,1.50722306379925,18.1881718184229,http://www.wikidata.org/entity/Q19882721
peterkyle,Labour,-0.729481915062432,-0.179349123285156,-0.04084564574537,http://www.wikidata.org/entity/Q20113749
PeteWishart,SNP,-0.574405688349191,1.27126274318979,9.487276310407,http://www.wikidata.org/entity/Q261675
PGibsonSNP,SNP,-0.343960109038797,1.62949969129849,23.0794007564907,http://www.wikidata.org/entity/Q19883132
PhilipDaviesUK,Conservative,1.25841786222919,-1.36501883665012,0.101061845897908,http://www.wikidata.org/entity/Q300004
pow_rebecca,Conservative,1.0936632169104,-1.51305155475805,0.155573466801885,http://www.wikidata.org/entity/Q20647855
PreetKGillMP,Labour,-0.627519842778308,-0.755967775706258,-0.064731542480683,http://www.wikidata.org/entity/Q30173119
pritipatel,Conservative,1.25992921424449,1.67040617830805,-0.228688844794781,http://www.wikidata.org/entity/Q575733
PutneyFleur,Labour,-0.804715380754955,-0.670500036341719,-0.0732096383655899,http://www.wikidata.org/entity/Q75410647
Q66Suzi,Conservative,1.58062194303178,-1.69571498225633,0.11370776042061,http://www.wikidata.org/entity/Q63929121
rach_hopkins,Labour,-0.993042702545644,-1.11901320395683,-0.138237880338582,http://www.wikidata.org/entity/Q76448943
RachaelMaskell,Labour,-0.891602776379572,-0.786524749008618,-0.0745286259995267,http://www.wikidata.org/entity/Q20127923
RachelReevesMP,Labour,-0.722267583894466,-0.130026012938214,-0.0574055539337368,http://www.wikidata.org/entity/Q574896
RebeccaHarrisMP,Conservative,1.38178668609814,-2.19354164159923,0.218605567518679,http://www.wikidata.org/entity/Q478305
redditchrachel,Conservative,1.43621545884422,-0.957406279899222,0.049116415393892,http://www.wikidata.org/entity/Q30234241
Rees4Neath,Labour,-0.640940102120132,-2.03866386664496,0.0544805419144229,http://www.wikidata.org/entity/Q20648332
Rehman_Chishti,Conservative,1.04302642528563,-1.07667588530482,0.107637059253508,http://www.wikidata.org/entity/Q271683
RhonddaBryant,Labour,-0.798301390503992,0.441329382708725,-0.0200839047574748,http://www.wikidata.org/entity/Q266146
richardbaconmp,Conservative,1.01565321579281,-1.32945495341589,0.113702208093882,http://www.wikidata.org/entity/Q3409441
RichardBurgon,Labour,-1.14268252782665,0.48247079258785,-0.160889054878644,http://www.wikidata.org/entity/Q19871710
RichardFoordLD,Liberal Democrats,-0.593822032964847,0.217349256391802,0.168149739990283,http://www.wikidata.org/entity/Q98626667
RichardGrahamUK,Conservative,1.14504088404899,-1.65192220310636,0.186534378862051,http://www.wikidata.org/entity/Q391756
RicHolden,Conservative,1.52930650887578,-0.84184534462855,0.0217508440359951,http://www.wikidata.org/entity/Q76729336
RishiSunak,Conservative,0.826955304704188,1.48725816163868,-0.178419560686204,http://www.wikidata.org/entity/Q20055561
RLong_Bailey,Labour,-1.08493254898923,0.539583076480345,-0.156821363467658,http://www.wikidata.org/entity/Q19979355
RobertBuckland,Conservative,0.985683138657117,-1.19942296135329,0.103965156147201,http://www.wikidata.org/entity/Q269853
robertcourts,Conservative,1.40775597363302,-1.20894754976275,0.108377056066079,http://www.wikidata.org/entity/Q27671735
RobertJenrick,Conservative,1.14599773292244,-0.0471743134801798,-0.0506621527057234,http://www.wikidata.org/entity/Q17180679
robertlargan,Conservative,1.32220745993951,-1.27399141537529,0.0710127470314161,http://www.wikidata.org/entity/Q76363319
RobertSyms,Conservative,1.55460867633,-1.21881327702697,0.0764059553075745,http://www.wikidata.org/entity/Q306250
RobinMillarMP,Conservative,1.49383646870946,-1.90519069645214,0.189020935753078,http://www.wikidata.org/entity/Q76450637
ronniecowan,SNP,-0.366250806766071,1.56492068007399,22.2746269193752,http://www.wikidata.org/entity/Q19883025
rosie4westlancs,Labour,-0.466466613740881,-1.93380506364316,0.0409115366065013,http://www.wikidata.org/entity/Q290855
RosieDuffield1,Labour,-0.397445468056668,-0.105156319233572,0.0392404189832364,http://www.wikidata.org/entity/Q30164380
Royston_Smith,Conservative,1.29143618263637,-1.5472256482739,0.127096553484296,http://www.wikidata.org/entity/Q20648372
RThomsonMP,SNP,-0.396986062979518,1.32547184001065,14.5611665953637,http://www.wikidata.org/entity/Q75818976
RupaHuq,Labour,-0.774127021037686,-0.83520900468973,-0.0315820138063078,http://www.wikidata.org/entity/Q7380182
rushanaraali,Labour,-0.645284992192919,-0.942130756866134,-0.0189658379571787,http://www.wikidata.org/entity/Q259423
RuthCadbury,Labour,-0.603537968638095,-1.35431640211731,0.0268279210995942,http://www.wikidata.org/entity/Q19871785
RuthNewportWest,Labour,-0.755049137592386,-1.54450725358498,-0.0331610915742905,http://www.wikidata.org/entity/Q62764975
S_Hammond,Conservative,0.773706672936792,-1.18289766462427,0.120562274637266,http://www.wikidata.org/entity/Q332979
sajidjavid,Conservative,0.970706148726729,1.21741476634166,-0.158310961842867,http://www.wikidata.org/entity/Q727798
SallyAnn1066,Conservative,1.31942045651586,-1.61116634569953,0.163147286717367,http://www.wikidata.org/entity/Q76364330
SamTarry,Labour,-1.23898957067663,-0.167235046452958,-0.137730890189015,http://www.wikidata.org/entity/Q76363937
SarahChampionMP,Labour,-0.452237746600101,-0.718590041837771,-0.0332564008369754,http://www.wikidata.org/entity/Q7422176
SarahGreenLD,Liberal Democrats,-0.530421236428748,0.151775422666699,0.200216347675342,http://www.wikidata.org/entity/Q107284337
sarahjolney1,Liberal Democrats,-0.431805112208638,0.0255151046807827,0.260608728864732,http://www.wikidata.org/entity/Q27942399
SarahOwen_,Labour,-0.9778726796921,-0.76517656847927,-0.0932811355952588,http://www.wikidata.org/entity/Q75621688
SarBritcliffeMP,Conservative,1.61423790576009,-0.992586882207902,0.030720611147832,http://www.wikidata.org/entity/Q76363563
ScottBentonMP,Conservative,1.70752169390651,-0.750620647857311,-0.00491531283103356,http://www.wikidata.org/entity/Q76363105
scottmann4NC,Conservative,1.46459233191,-1.65183154246639,0.153735935458986,http://www.wikidata.org/entity/Q20647692
SCrabbPembs,Conservative,0.870790129308389,-0.979010366868301,0.11964892843856,http://www.wikidata.org/entity/Q291393
scullyp,Conservative,1.20158937260352,-1.03358774731107,0.085613721619345,http://www.wikidata.org/entity/Q20647800
SDoughtyMP,Labour,-0.585319725919579,-1.31797251398189,0.0479694582286209,http://www.wikidata.org/entity/Q7609085
SeemaMalhotra1,Labour,-0.649483205572192,-1.4213472350864,0.0131751090347399,http://www.wikidata.org/entity/Q694984
SelaineSaxby,Conservative,1.40670028730555,-1.70057981032473,0.157062644750389,http://www.wikidata.org/entity/Q76362953
ShabanaMahmood,Labour,-0.572679724704054,-1.42369454281218,-0.00140417990554147,http://www.wikidata.org/entity/Q695007
ShaileshVara,Conservative,1.4469790604761,-0.169454155590784,-0.0474762702535149,http://www.wikidata.org/entity/Q267234
SharonHodgsonMP,Labour,-0.653139243433553,-1.60165021624185,0.0120485640303273,http://www.wikidata.org/entity/Q689041
Shaun4WBW,Conservative,1.62803944126568,-1.791642956978,0.118792867451486,http://www.wikidata.org/entity/Q76363893
sheryllmurray,Conservative,1.39549351357418,-1.94401455027985,0.191851716620017,http://www.wikidata.org/entity/Q578272
Simon4NDorset,Conservative,0.883350826109312,-0.730614551018253,0.0757922870749916,http://www.wikidata.org/entity/Q19958093
SimonClarkeMP,Conservative,1.52555448427938,-0.417097289621435,-0.025995155655645,http://www.wikidata.org/entity/Q30228118
simonfell,Conservative,1.22924109282445,-1.70354792260019,0.137140366162187,http://www.wikidata.org/entity/Q76362924
Simonhartmp,Conservative,1.11396798687142,-1.50916268239021,0.132506223966914,http://www.wikidata.org/entity/Q478345
simonjamesjupp,Conservative,1.48468425338575,-0.784482291585722,0.0209293354327932,http://www.wikidata.org/entity/Q76449017
simonlightwood,Labour,-0.938870249780835,-0.790989083640915,-0.0968418868114179,http://www.wikidata.org/entity/Q112133647
Siobhain_Mc,Labour,-0.522211533105841,-1.0849071652771,0.0274453974406624,http://www.wikidata.org/entity/Q694759
Siobhan_Baillie,Conservative,1.46807387757293,-0.751892032121777,0.0132174512218387,http://www.wikidata.org/entity/Q76363409
SirGrahamBrady,Conservative,1.64191601324093,0.871341539845377,-0.228867765493972,http://www.wikidata.org/entity/Q264662
SirRogerGale,Conservative,0.158544740257461,-0.0916755081186491,0.0118663839493822,http://www.wikidata.org/entity/Q391094
SKinnock,Labour,-0.469550090679005,-0.592766500811173,-0.0119732099101943,http://www.wikidata.org/entity/Q3377178
SMcPartland,Conservative,1.26516990331436,-1.38565873790105,0.0958678116566921,http://www.wikidata.org/entity/Q584156
spellar,Labour,-0.482653655824405,-1.88771574724728,0.048445258898957,http://www.wikidata.org/entity/Q389677
stellacreasy,Labour,-0.775487236116901,0.0565228737342626,-0.036078179567856,http://www.wikidata.org/entity/Q291502
Steph_Peacock,Labour,-0.671248101155761,-1.39130982293159,-0.0399149187071524,http://www.wikidata.org/entity/Q30164451
stephenctimms,Labour,-0.448072544051929,-1.43957729670886,0.0262013816780661,http://www.wikidata.org/entity/Q272346
StephenFarryMP,Alliance,-0.185806361743042,0.690330594502151,0.13851552941748,http://www.wikidata.org/entity/Q7609180
StephenFlynnSNP,SNP,-0.680881463378469,1.37091572543381,9.79292779334288,http://www.wikidata.org/entity/Q75818973
StephenMorganMP,Labour,-0.519419772809179,-0.910533507430772,-0.0520412781722493,http://www.wikidata.org/entity/Q30179008
steve_mccabe,Labour,-0.439250003834777,-1.77955053671755,0.05567363210184,http://www.wikidata.org/entity/Q694869
SteveBakerHW,Conservative,1.49120047213868,1.09943398237852,-0.211338435498612,http://www.wikidata.org/entity/Q260111
SteveBarclay,Conservative,1.33851324364293,0.0940875056723505,-0.0586392432187749,http://www.wikidata.org/entity/Q260546
stevedouble,Conservative,1.57657426915641,-0.983414928125434,0.0698647304160487,http://www.wikidata.org/entity/Q19957580
StevenBonnarSNP,SNP,-0.389328306558064,1.52573379534598,16.8946993473181,http://www.wikidata.org/entity/Q75818978
SteveReedMP,Labour,-0.742139999565112,-1.0240428326152,-0.0268105230406132,http://www.wikidata.org/entity/Q7613711
StewartHosieSNP,SNP,-0.465511226217592,1.71382599616946,16.8511351363178,http://www.wikidata.org/entity/Q689514
StewartMcDonald,SNP,-0.479724307506009,1.12753811915232,10.3997777619297,http://www.wikidata.org/entity/Q20011564
Stuart_McDonald,SNP,-0.406627740807432,1.52116121403247,21.4493208234955,http://www.wikidata.org/entity/Q19883251
Stuart4WolvesSW,Conservative,1.67115563458074,-1.18996491655978,0.0639775955414219,http://www.wikidata.org/entity/Q76363439
StuartAndrew,Conservative,1.14854986649731,-1.94506776480354,0.184386626622658,http://www.wikidata.org/entity/Q259707
SuellaBraverman,Conservative,1.55839607781129,0.675904422901097,-0.165010877161796,http://www.wikidata.org/entity/Q19957769
TahirAliMP,Labour,-0.919691053934696,-1.18918061036522,-0.129170170939417,http://www.wikidata.org/entity/Q76450672
TaiwoOwatemi,Labour,-1.0564687487574,-0.382288862760376,-0.129029493015913,http://www.wikidata.org/entity/Q76364051
TanDhesi,Labour,-0.970192384211478,0.118282663121822,-0.0870151233053237,http://www.wikidata.org/entity/Q30169287
TeamRanil,Conservative,1.47039086721544,-1.35098416646174,0.125475507904989,http://www.wikidata.org/entity/Q19870873
ThangamMP,Labour,-0.76375488810118,-0.541790707746208,-0.0284920085007952,http://www.wikidata.org/entity/Q19882875
theodoraclarke,Conservative,1.27429341478672,-1.31469847684539,0.101710018399645,http://www.wikidata.org/entity/Q75583507
theresa_may,Conservative,0.578575516713942,1.23362189038867,-0.0604938418791554,http://www.wikidata.org/entity/Q264766
theresecoffey,Conservative,1.11395429646608,-0.981707022738401,0.0990744711855755,http://www.wikidata.org/entity/Q290554
thisischerilyn,Conservative,1.43658316927631,-1.61188042247117,0.136640717621598,http://www.wikidata.org/entity/Q76364111
timfarron,Liberal Democrats,-0.322825577480485,0.350203120453639,0.0919152172377368,http://www.wikidata.org/entity/Q304251
timloughton,Conservative,0.939139980907979,-1.16345847536525,0.0882992772141853,http://www.wikidata.org/entity/Q695228
Tobias_Ellwood,Conservative,0.539508628427848,0.423274345331546,-0.052003162326398,http://www.wikidata.org/entity/Q303299
tobyperkinsmp,Labour,-0.549696187923494,-1.50578123254349,0.0170857399050504,http://www.wikidata.org/entity/Q575462
Tom_Randall,Conservative,1.50691036208887,-1.61891149692038,0.117211330992163,http://www.wikidata.org/entity/Q63929382
tomhunt1988,Conservative,1.7370514336639,-0.402900588537838,-0.0548269062662053,http://www.wikidata.org/entity/Q76736580
TommySheppard,SNP,-0.648602468345263,1.60567217095771,12.66505680432,http://www.wikidata.org/entity/Q19880278
TomTugendhat,Conservative,0.614401475159678,0.601064435142961,-0.0744190524334017,http://www.wikidata.org/entity/Q20648385
ToniaAntoniazzi,Labour,-0.602944429182562,-1.12686428974923,0.0261830791649189,http://www.wikidata.org/entity/Q30165536
tony4rochdale,Labour,-0.593074488999256,-1.49414554891645,0.00678277653456836,http://www.wikidata.org/entity/Q695295
tracey_crouch,Conservative,0.752090923094112,-0.781810477701584,0.058977584617301,http://www.wikidata.org/entity/Q291557
trussliz,Conservative,1.18110648083776,1.06097431886437,-0.157376553604523,http://www.wikidata.org/entity/Q272201
TulipSiddiq,Labour,-0.825085105302485,-0.0824118999094367,-0.0569521480201325,http://www.wikidata.org/entity/Q7852071
twocitiesnickie,Conservative,1.02952585233631,-1.12752806173062,0.0712801561160804,http://www.wikidata.org/entity/Q56709363
UK_FoRBEnvoy,Conservative,0.978610137330879,-0.241642987967995,0.0396259447324434,
Valerie_VazMP,Labour,-0.403392281496925,-1.85942904364961,0.0574662780964473,http://www.wikidata.org/entity/Q266978
vickyford,Conservative,0.967468441911594,-0.581465332484774,0.0329152366390473,http://www.wikidata.org/entity/Q441532
vickyfoxcroft,Labour,-0.723866324356247,-1.05909095419696,-0.023961738169283,http://www.wikidata.org/entity/Q19957802
VictoriaPrentis,Conservative,1.25174059045289,-1.61805983470591,0.165538112268097,http://www.wikidata.org/entity/Q20054083
VirendraSharma,Labour,-0.47456942556564,-1.7378664366469,0.053672790761093,http://www.wikidata.org/entity/Q478387
VotePursglove,Conservative,1.52131219691971,-1.24512106162839,0.0904822390713465,http://www.wikidata.org/entity/Q16232474
WalkerWorcester,Conservative,1.13790594470201,-1.51799081228783,0.182380378462952,http://www.wikidata.org/entity/Q263076
WayneDavid_MP,Labour,-0.557175648408494,-2.07194426638884,0.0662707365347322,http://www.wikidata.org/entity/Q296716
wendychambLD,Liberal Democrats,-0.352020161142776,-0.0904361198561896,0.832872778176123,http://www.wikidata.org/entity/Q75838898
Wera_Hobhouse,Liberal Democrats,-0.469025398550753,-0.0241422533104486,0.240740509852277,http://www.wikidata.org/entity/Q30164280
wesstreeting,Labour,-0.720583445514804,0.284352061137983,-0.0749794214099773,http://www.wikidata.org/entity/Q7983764
William_Wragg,Conservative,1.01169711112996,-0.859550587367462,0.032768387529252,http://www.wikidata.org/entity/Q20732037
willquince,Conservative,1.13868066787353,-1.09538135162945,0.0883587970160449,http://www.wikidata.org/entity/Q16751766
Y_FovargueMP,Labour,-0.525180938312454,-2.01070004193218,0.0471001568115856,http://www.wikidata.org/entity/Q390756
YasinForBedford,Labour,-0.39248318844433,-1.39953639493439,-0.0056601537593764,http://www.wikidata.org/entity/Q30234247
YasminQureshiMP,Labour,-0.512169017658812,-1.35073360341804,0.0202102221510573,http://www.wikidata.org/entity/Q267930
YvetteCooperMP,Labour,-0.741164832475208,0.590202310518521,-0.0457552821657185,http://www.wikidata.org/entity/Q291057
zarahsultana,Labour,-1.22384398956435,0.797291353091482,-0.121920632200051,http://www.wikidata.org/entity/Q63929279
